ParkName,Feature
10TH AVE/CLEMENT MINI PARK,Trees
10TH AVE/CLEMENT MINI PARK,Buildings & General Amenities
10TH AVE/CLEMENT MINI PARK,Lawns
10TH AVE/CLEMENT MINI PARK,Hardscape
10TH AVE/CLEMENT MINI PARK,Children's Play Areas
10TH AVE/CLEMENT MINI PARK,Ornamental Beds
24TH/YORK MINI PARK,Ornamental Beds
24TH/YORK MINI PARK,Trees
24TH/YORK MINI PARK,Hardscape
24TH/YORK MINI PARK,Buildings & General Amenities
24TH/YORK MINI PARK,Table Seating Areas
24TH/YORK MINI PARK,Children's Play Areas
ADAM ROGERS PARK,Restrooms
ADAM ROGERS PARK,Children's Play Areas
ADAM ROGERS PARK,Greenspace
ADAM ROGERS PARK,Trees
ADAM ROGERS PARK,Table Seating Areas
ADAM ROGERS PARK,Hardscape
ADAM ROGERS PARK,Outdoor Courts
ADAM ROGERS PARK,Buildings & General Amenities
ADAM ROGERS PARK,Ornamental Beds
ADAM ROGERS PARK,Lawns
ALAMO SQUARE,Restrooms
ALAMO SQUARE,Hardscape
ALAMO SQUARE,Dog Play Areas
ALAMO SQUARE,Outdoor Courts
ALAMO SQUARE,Trees
ALAMO SQUARE,Buildings & General Amenities
ALAMO SQUARE,Ornamental Beds
ALAMO SQUARE,Children's Play Areas
ALAMO SQUARE,Lawns
ALAMO SQUARE,Table Seating Areas
ALICE CHALMERS PLAYGROUND,Trees
ALICE CHALMERS PLAYGROUND,Restrooms
ALICE CHALMERS PLAYGROUND,Buildings & General Amenities
ALICE CHALMERS PLAYGROUND,Outdoor Courts
ALICE CHALMERS PLAYGROUND,Athletic Fields
ALICE CHALMERS PLAYGROUND,Ornamental Beds
ALICE CHALMERS PLAYGROUND,Hardscape
ALICE CHALMERS PLAYGROUND,Children's Play Areas
ALICE CHALMERS PLAYGROUND,Table Seating Areas
ALICE MARBLE TENNIS COURTS,Hardscape
ALICE MARBLE TENNIS COURTS,Outdoor Courts
ALICE MARBLE TENNIS COURTS,Ornamental Beds
ALICE MARBLE TENNIS COURTS,Buildings & General Amenities
ALIOTO MINI PARK,Children's Play Areas
ALIOTO MINI PARK,Lawns
ALIOTO MINI PARK,Buildings & General Amenities
ALIOTO MINI PARK,Ornamental Beds
ALIOTO MINI PARK,Hardscape
ALIOTO MINI PARK,Trees
ALIOTO MINI PARK,Table Seating Areas
ALLYNE PARK,Hardscape
ALLYNE PARK,Lawns
ALLYNE PARK,Buildings & General Amenities
ALLYNE PARK,Trees
ALLYNE PARK,Ornamental Beds
ALTA PLAZA,Children's Play Areas
ALTA PLAZA,Outdoor Courts
ALTA PLAZA,Buildings & General Amenities
ALTA PLAZA,Restrooms
ALTA PLAZA,Table Seating Areas
ALTA PLAZA,Lawns
ALTA PLAZA,Dog Play Areas
ALTA PLAZA,Trees
ALTA PLAZA,Hardscape
ALTA PLAZA,Ornamental Beds
ANGELO J. ROSSI PLAYGROUND,Children's Play Areas
ANGELO J. ROSSI PLAYGROUND,Restrooms
ANGELO J. ROSSI PLAYGROUND,Athletic Fields
ANGELO J. ROSSI PLAYGROUND,Ornamental Beds
ANGELO J. ROSSI PLAYGROUND,Outdoor Courts
ANGELO J. ROSSI PLAYGROUND,Hardscape
ANGELO J. ROSSI PLAYGROUND,Table Seating Areas
ANGELO J. ROSSI PLAYGROUND,Buildings & General Amenities
ANGELO J. ROSSI PLAYGROUND,Trees
ANGELO J. ROSSI PLAYGROUND,Lawns
APTOS PLAYGROUND,Lawns
APTOS PLAYGROUND,Hardscape
APTOS PLAYGROUND,Table Seating Areas
APTOS PLAYGROUND,Outdoor Courts
APTOS PLAYGROUND,Buildings & General Amenities
APTOS PLAYGROUND,Children's Play Areas
APTOS PLAYGROUND,Restrooms
APTOS PLAYGROUND,Athletic Fields
APTOS PLAYGROUND,Ornamental Beds
APTOS PLAYGROUND,Trees
ARGONNE PLAYGROUND,Outdoor Courts
ARGONNE PLAYGROUND,Hardscape
ARGONNE PLAYGROUND,Trees
ARGONNE PLAYGROUND,Buildings & General Amenities
ARGONNE PLAYGROUND,Restrooms
ARGONNE PLAYGROUND,Ornamental Beds
ARGONNE PLAYGROUND,Children's Play Areas
ARGONNE PLAYGROUND,Lawns
ARGONNE PLAYGROUND,Table Seating Areas
BALBOA PARK,Buildings & General Amenities
BALBOA PARK,Trees
BALBOA PARK,Ornamental Beds
BALBOA PARK,Outdoor Courts
BALBOA PARK,Greenspace
BALBOA PARK,Athletic Fields
BALBOA PARK,Hardscape
BALBOA PARK,Table Seating Areas
BALBOA PARK,Restrooms
BALBOA PARK,Children's Play Areas
BALBOA PARK,Lawns
BAY VIEW PLAYGROUND,Athletic Fields
BAY VIEW PLAYGROUND,Trees
BAY VIEW PLAYGROUND,Lawns
BAY VIEW PLAYGROUND,Table Seating Areas
BAY VIEW PLAYGROUND,Restrooms
BAY VIEW PLAYGROUND,Buildings & General Amenities
BAY VIEW PLAYGROUND,Ornamental Beds
BAY VIEW PLAYGROUND,Children's Play Areas
BAY VIEW PLAYGROUND,Hardscape
BEIDEMAN/O'FARRELL MINI PARK,Ornamental Beds
BEIDEMAN/O'FARRELL MINI PARK,Hardscape
BEIDEMAN/O'FARRELL MINI PARK,Buildings & General Amenities
BEIDEMAN/O'FARRELL MINI PARK,Trees
BERNAL HEIGHTS RECREATION CENTER,Children's Play Areas
BERNAL HEIGHTS RECREATION CENTER,Buildings & General Amenities
BERNAL HEIGHTS RECREATION CENTER,Table Seating Areas
BERNAL HEIGHTS RECREATION CENTER,Ornamental Beds
BERNAL HEIGHTS RECREATION CENTER,Outdoor Courts
BERNAL HEIGHTS RECREATION CENTER,Restrooms
BERNAL HEIGHTS RECREATION CENTER,Trees
BERNAL HEIGHTS RECREATION CENTER,Hardscape
BROADWAY TUNNEL WEST MINI PARK,Ornamental Beds
BROADWAY TUNNEL WEST MINI PARK,Lawns
BROADWAY TUNNEL WEST MINI PARK,Buildings & General Amenities
BROADWAY TUNNEL WEST MINI PARK,Hardscape
BROADWAY TUNNEL WEST MINI PARK,Trees
BROOKS PARK,Children's Play Areas
BROOKS PARK,Buildings & General Amenities
BROOKS PARK,Ornamental Beds
BROOKS PARK,Table Seating Areas
BROOKS PARK,Greenspace
BROOKS PARK,Hardscape
BROOKS PARK,Trees
BUCHANAN STREET MALL,Outdoor Courts
BUCHANAN STREET MALL,Hardscape
BUCHANAN STREET MALL,Buildings & General Amenities
BUCHANAN STREET MALL,Trees
BUCHANAN STREET MALL,Lawns
BUCHANAN STREET MALL,Children's Play Areas
BUCHANAN STREET MALL,Ornamental Beds
BUENA VISTA PARK,Hardscape
BUENA VISTA PARK,Dog Play Areas
BUENA VISTA PARK,Greenspace
BUENA VISTA PARK,Buildings & General Amenities
BUENA VISTA PARK,Children's Play Areas
BUENA VISTA PARK,Table Seating Areas
BUENA VISTA PARK,Lawns
BUENA VISTA PARK,Outdoor Courts
BUENA VISTA PARK,Ornamental Beds
BUENA VISTA PARK,Trees
BUSH/BRODERICK MINI PARK,Ornamental Beds
BUSH/BRODERICK MINI PARK,Table Seating Areas
BUSH/BRODERICK MINI PARK,Trees
BUSH/BRODERICK MINI PARK,Buildings & General Amenities
BUSH/BRODERICK MINI PARK,Greenspace
BUSH/BRODERICK MINI PARK,Lawns
BUSH/BRODERICK MINI PARK,Hardscape
CABRILLO PLAYGROUND,Lawns
CABRILLO PLAYGROUND,Restrooms
CABRILLO PLAYGROUND,Hardscape
CABRILLO PLAYGROUND,Outdoor Courts
CABRILLO PLAYGROUND,Buildings & General Amenities
CABRILLO PLAYGROUND,Ornamental Beds
CABRILLO PLAYGROUND,Children's Play Areas
CABRILLO PLAYGROUND,Table Seating Areas
CABRILLO PLAYGROUND,Trees
CARL LARSEN PARK,Hardscape
CARL LARSEN PARK,Outdoor Courts
CARL LARSEN PARK,Athletic Fields
CARL LARSEN PARK,Buildings & General Amenities
CARL LARSEN PARK,Restrooms
CARL LARSEN PARK,Trees
CARL LARSEN PARK,Lawns
CARL LARSEN PARK,Table Seating Areas
CARL LARSEN PARK,Ornamental Beds
CAYUGA PLAYGROUND,Children's Play Areas
CAYUGA PLAYGROUND,Buildings & General Amenities
CAYUGA PLAYGROUND,Outdoor Courts
CAYUGA PLAYGROUND,Hardscape
CAYUGA PLAYGROUND,Ornamental Beds
CAYUGA PLAYGROUND,Trees
CAYUGA PLAYGROUND,Table Seating Areas
CAYUGA PLAYGROUND,Restrooms
CAYUGA PLAYGROUND,Lawns
CAYUGA PLAYGROUND,Athletic Fields
CAYUGA/LAMARTINE MINI PARK,Ornamental Beds
CAYUGA/LAMARTINE MINI PARK,Buildings & General Amenities
CAYUGA/LAMARTINE MINI PARK,Hardscape
CAYUGA/LAMARTINE MINI PARK,Greenspace
CAYUGA/LAMARTINE MINI PARK,Trees
CHINESE RECREATION CENTER,Outdoor Courts
CHINESE RECREATION CENTER,Buildings & General Amenities
CHINESE RECREATION CENTER,Restrooms
CHINESE RECREATION CENTER,Trees
CHINESE RECREATION CENTER,Hardscape
CHINESE RECREATION CENTER,Ornamental Beds
CHINESE RECREATION CENTER,Children's Play Areas
CHINESE RECREATION CENTER,Table Seating Areas
COLERIDGE MINI PARK,Ornamental Beds
COLERIDGE MINI PARK,Children's Play Areas
COLERIDGE MINI PARK,Hardscape
COLERIDGE MINI PARK,Buildings & General Amenities
COLERIDGE MINI PARK,Trees
COLERIDGE MINI PARK,Greenspace
COLLIS P. HUNTINGTON PARK,Ornamental Beds
COLLIS P. HUNTINGTON PARK,Buildings & General Amenities
COLLIS P. HUNTINGTON PARK,Lawns
COLLIS P. HUNTINGTON PARK,Trees
COLLIS P. HUNTINGTON PARK,Children's Play Areas
COLLIS P. HUNTINGTON PARK,Hardscape
CORONA HEIGHTS,Hardscape
CORONA HEIGHTS,Restrooms
CORONA HEIGHTS,Trees
CORONA HEIGHTS,Table Seating Areas
CORONA HEIGHTS,Greenspace
CORONA HEIGHTS,Buildings & General Amenities
CORONA HEIGHTS,Lawns
CORONA HEIGHTS,Ornamental Beds
CORONA HEIGHTS,Dog Play Areas
COSO/PRECITA MINI PARK,Lawns
COSO/PRECITA MINI PARK,Hardscape
COSO/PRECITA MINI PARK,Trees
COTTAGE ROW MINI PARK,Buildings & General Amenities
COTTAGE ROW MINI PARK,Hardscape
COTTAGE ROW MINI PARK,Trees
COTTAGE ROW MINI PARK,Lawns
COTTAGE ROW MINI PARK,Ornamental Beds
COW HOLLOW PLAYGROUND,Trees
COW HOLLOW PLAYGROUND,Children's Play Areas
COW HOLLOW PLAYGROUND,Ornamental Beds
COW HOLLOW PLAYGROUND,Hardscape
COW HOLLOW PLAYGROUND,Buildings & General Amenities
COW HOLLOW PLAYGROUND,Restrooms
CROCKER AMAZON PLAYGROUND,Athletic Fields
CROCKER AMAZON PLAYGROUND,Ornamental Beds
CROCKER AMAZON PLAYGROUND,Restrooms
CROCKER AMAZON PLAYGROUND,Lawns
CROCKER AMAZON PLAYGROUND,Outdoor Courts
CROCKER AMAZON PLAYGROUND,Buildings & General Amenities
CROCKER AMAZON PLAYGROUND,Hardscape
CROCKER AMAZON PLAYGROUND,Greenspace
CROCKER AMAZON PLAYGROUND,Children's Play Areas
CROCKER AMAZON PLAYGROUND,Trees
CROCKER AMAZON PLAYGROUND,Table Seating Areas
CROCKER AMAZON PLAYGROUND,Dog Play Areas
DOUGLASS PLAYGROUND,Outdoor Courts
DOUGLASS PLAYGROUND,Children's Play Areas
DOUGLASS PLAYGROUND,Restrooms
DOUGLASS PLAYGROUND,Trees
DOUGLASS PLAYGROUND,Greenspace
DOUGLASS PLAYGROUND,Lawns
DOUGLASS PLAYGROUND,Table Seating Areas
DOUGLASS PLAYGROUND,Buildings & General Amenities
DOUGLASS PLAYGROUND,Ornamental Beds
DOUGLASS PLAYGROUND,Dog Play Areas
DOUGLASS PLAYGROUND,Hardscape
DUBOCE PARK,Restrooms
DUBOCE PARK,Dog Play Areas
DUBOCE PARK,Outdoor Courts
DUBOCE PARK,Lawns
DUBOCE PARK,Buildings & General Amenities
DUBOCE PARK,Children's Play Areas
DUBOCE PARK,Ornamental Beds
DUBOCE PARK,Hardscape
DUBOCE PARK,Trees
DUPONT COURTS,Outdoor Courts
DUPONT COURTS,Hardscape
DUPONT COURTS,Buildings & General Amenities
DUPONT COURTS,Trees
DUPONT COURTS,Ornamental Beds
ESPRIT PARK,Trees
ESPRIT PARK,Lawns
ESPRIT PARK,Buildings & General Amenities
ESPRIT PARK,Ornamental Beds
ESPRIT PARK,Hardscape
ESPRIT PARK,Table Seating Areas
EUREKA VALLEY REC CENTER,Restrooms
EUREKA VALLEY REC CENTER,Hardscape
EUREKA VALLEY REC CENTER,Buildings & General Amenities
EUREKA VALLEY REC CENTER,Children's Play Areas
EUREKA VALLEY REC CENTER,Ornamental Beds
EUREKA VALLEY REC CENTER,Dog Play Areas
EUREKA VALLEY REC CENTER,Athletic Fields
EUREKA VALLEY REC CENTER,Outdoor Courts
EUREKA VALLEY REC CENTER,Trees
EXCELSIOR PLAYGROUND,Ornamental Beds
EXCELSIOR PLAYGROUND,Athletic Fields
EXCELSIOR PLAYGROUND,Children's Play Areas
EXCELSIOR PLAYGROUND,Hardscape
EXCELSIOR PLAYGROUND,Restrooms
EXCELSIOR PLAYGROUND,Lawns
EXCELSIOR PLAYGROUND,Table Seating Areas
EXCELSIOR PLAYGROUND,Outdoor Courts
EXCELSIOR PLAYGROUND,Buildings & General Amenities
EXCELSIOR PLAYGROUND,Trees
FATHER ALFRED E. BOEDDEKER PARK,Restrooms
FATHER ALFRED E. BOEDDEKER PARK,Outdoor Courts
FATHER ALFRED E. BOEDDEKER PARK,Hardscape
FATHER ALFRED E. BOEDDEKER PARK,Ornamental Beds
FATHER ALFRED E. BOEDDEKER PARK,Table Seating Areas
FATHER ALFRED E. BOEDDEKER PARK,Children's Play Areas
FATHER ALFRED E. BOEDDEKER PARK,Trees
FATHER ALFRED E. BOEDDEKER PARK,Lawns
FATHER ALFRED E. BOEDDEKER PARK,Buildings & General Amenities
FAY PARK,Hardscape
FAY PARK,Trees
FAY PARK,Lawns
FAY PARK,Ornamental Beds
FAY PARK,Buildings & General Amenities
FILLMORE/TURK MINI PARK,Lawns
FILLMORE/TURK MINI PARK,Table Seating Areas
FILLMORE/TURK MINI PARK,Hardscape
FILLMORE/TURK MINI PARK,Ornamental Beds
FILLMORE/TURK MINI PARK,Buildings & General Amenities
FILLMORE/TURK MINI PARK,Trees
FRANKLIN SQUARE,Children's Play Areas
FRANKLIN SQUARE,Ornamental Beds
FRANKLIN SQUARE,Hardscape
FRANKLIN SQUARE,Buildings & General Amenities
FRANKLIN SQUARE,Athletic Fields
FRANKLIN SQUARE,Trees
FRANKLIN SQUARE,Table Seating Areas
FRANKLIN SQUARE,Lawns
FULTON PLAYGROUND,Ornamental Beds
FULTON PLAYGROUND,Children's Play Areas
FULTON PLAYGROUND,Restrooms
FULTON PLAYGROUND,Table Seating Areas
FULTON PLAYGROUND,Outdoor Courts
FULTON PLAYGROUND,Hardscape
FULTON PLAYGROUND,Buildings & General Amenities
FULTON PLAYGROUND,Trees
GARFIELD SQUARE,Athletic Fields
GARFIELD SQUARE,Restrooms
GARFIELD SQUARE,Ornamental Beds
GARFIELD SQUARE,Buildings & General Amenities
GARFIELD SQUARE,Lawns
GARFIELD SQUARE,Hardscape
GARFIELD SQUARE,Outdoor Courts
GARFIELD SQUARE,Table Seating Areas
GARFIELD SQUARE,Children's Play Areas
GARFIELD SQUARE,Trees
GENE FRIEND REC CENTER,Buildings & General Amenities
GENE FRIEND REC CENTER,Lawns
GENE FRIEND REC CENTER,Hardscape
GENE FRIEND REC CENTER,Restrooms
GENE FRIEND REC CENTER,Trees
GENE FRIEND REC CENTER,Outdoor Courts
GENE FRIEND REC CENTER,Children's Play Areas
GENE FRIEND REC CENTER,Ornamental Beds
GEORGE CHRISTOPHER PLAYGROUND,Children's Play Areas
GEORGE CHRISTOPHER PLAYGROUND,Lawns
GEORGE CHRISTOPHER PLAYGROUND,Buildings & General Amenities
GEORGE CHRISTOPHER PLAYGROUND,Athletic Fields
GEORGE CHRISTOPHER PLAYGROUND,Restrooms
GEORGE CHRISTOPHER PLAYGROUND,Trees
GEORGE CHRISTOPHER PLAYGROUND,Table Seating Areas
GEORGE CHRISTOPHER PLAYGROUND,Ornamental Beds
GEORGE CHRISTOPHER PLAYGROUND,Outdoor Courts
GEORGE CHRISTOPHER PLAYGROUND,Hardscape
GILMAN PLAYGROUND,Athletic Fields
GILMAN PLAYGROUND,Children's Play Areas
GILMAN PLAYGROUND,Buildings & General Amenities
GILMAN PLAYGROUND,Ornamental Beds
GILMAN PLAYGROUND,Hardscape
GILMAN PLAYGROUND,Outdoor Courts
GILMAN PLAYGROUND,Table Seating Areas
GILMAN PLAYGROUND,Lawns
GILMAN PLAYGROUND,Trees
GLEN PARK,Buildings & General Amenities
GLEN PARK,Table Seating Areas
GLEN PARK,Ornamental Beds
GLEN PARK,Restrooms
GLEN PARK,Trees
GLEN PARK,Athletic Fields
GLEN PARK,Lawns
GLEN PARK,Children's Play Areas
GLEN PARK,Greenspace
GLEN PARK,Hardscape
GLEN PARK,Outdoor Courts
GOLDEN GATE HEIGHTS PARK,Table Seating Areas
GOLDEN GATE HEIGHTS PARK,Outdoor Courts
GOLDEN GATE HEIGHTS PARK,Hardscape
GOLDEN GATE HEIGHTS PARK,Lawns
GOLDEN GATE HEIGHTS PARK,Greenspace
GOLDEN GATE HEIGHTS PARK,Trees
GOLDEN GATE HEIGHTS PARK,Children's Play Areas
GOLDEN GATE HEIGHTS PARK,Buildings & General Amenities
GOLDEN GATE PARK,Table Seating Areas
GOLDEN GATE PARK,Ornamental Beds
GOLDEN GATE PARK,Buildings & General Amenities
GOLDEN GATE PARK,Greenspace
GOLDEN GATE PARK,Trees
GOLDEN GATE PARK,Athletic Fields
GOLDEN GATE PARK,Hardscape
GOLDEN GATE PARK,Restrooms
GOLDEN GATE PARK,Lawns
GOLDEN GATE PARK,Children's Play Areas
GOLDEN GATE PARK,Outdoor Courts
GOLDEN GATE PARK,Dog Play Areas
GOLDEN GATE/STEINER MINI PARK,Buildings & General Amenities
GOLDEN GATE/STEINER MINI PARK,Greenspace
GOLDEN GATE/STEINER MINI PARK,Hardscape
GOLDEN GATE/STEINER MINI PARK,Ornamental Beds
GOLDEN GATE/STEINER MINI PARK,Trees
GRATTAN PLAYGROUND,Outdoor Courts
GRATTAN PLAYGROUND,Buildings & General Amenities
GRATTAN PLAYGROUND,Children's Play Areas
GRATTAN PLAYGROUND,Ornamental Beds
GRATTAN PLAYGROUND,Trees
GRATTAN PLAYGROUND,Hardscape
GRATTAN PLAYGROUND,Athletic Fields
HAMILTON REC CENTER,Restrooms
HAMILTON REC CENTER,Hardscape
HAMILTON REC CENTER,Children's Play Areas
HAMILTON REC CENTER,Lawns
HAMILTON REC CENTER,Ornamental Beds
HAMILTON REC CENTER,Athletic Fields
HAMILTON REC CENTER,Trees
HAMILTON REC CENTER,Outdoor Courts
HAMILTON REC CENTER,Buildings & General Amenities
HAMILTON REC CENTER,Table Seating Areas
HAYES VALLEY PLAYGROUND,Lawns
HAYES VALLEY PLAYGROUND,Restrooms
HAYES VALLEY PLAYGROUND,Children's Play Areas
HAYES VALLEY PLAYGROUND,Outdoor Courts
HAYES VALLEY PLAYGROUND,Trees
HAYES VALLEY PLAYGROUND,Buildings & General Amenities
HAYES VALLEY PLAYGROUND,Hardscape
HAYES VALLEY PLAYGROUND,Table Seating Areas
HAYES VALLEY PLAYGROUND,Ornamental Beds
HEAD/BROTHERHOOD MINI PARK,Outdoor Courts
HEAD/BROTHERHOOD MINI PARK,Buildings & General Amenities
HEAD/BROTHERHOOD MINI PARK,Lawns
HEAD/BROTHERHOOD MINI PARK,Children's Play Areas
HEAD/BROTHERHOOD MINI PARK,Hardscape
HELEN WILLS PLAYGROUND,Restrooms
HELEN WILLS PLAYGROUND,Buildings & General Amenities
HELEN WILLS PLAYGROUND,Trees
HELEN WILLS PLAYGROUND,Children's Play Areas
HELEN WILLS PLAYGROUND,Ornamental Beds
HELEN WILLS PLAYGROUND,Hardscape
HELEN WILLS PLAYGROUND,Outdoor Courts
HERZ PLAYGROUND,Hardscape
HERZ PLAYGROUND,Restrooms
HERZ PLAYGROUND,Children's Play Areas
HERZ PLAYGROUND,Outdoor Courts
HERZ PLAYGROUND,Greenspace
HERZ PLAYGROUND,Lawns
HERZ PLAYGROUND,Athletic Fields
HERZ PLAYGROUND,Buildings & General Amenities
HERZ PLAYGROUND,Trees
HERZ PLAYGROUND,Ornamental Beds
HERZ PLAYGROUND,Table Seating Areas
HILLTOP PARK,Outdoor Courts
HILLTOP PARK,Hardscape
HILLTOP PARK,Lawns
HILLTOP PARK,Trees
HILLTOP PARK,Buildings & General Amenities
HILLTOP PARK,Children's Play Areas
HILLTOP PARK,Ornamental Beds
HILLTOP PARK,Greenspace
HILLTOP PARK,Table Seating Areas
HOLLY PARK,Table Seating Areas
HOLLY PARK,Trees
HOLLY PARK,Lawns
HOLLY PARK,Children's Play Areas
HOLLY PARK,Outdoor Courts
HOLLY PARK,Restrooms
HOLLY PARK,Buildings & General Amenities
HOLLY PARK,Athletic Fields
HOLLY PARK,Hardscape
HOLLY PARK,Ornamental Beds
HYDE/VALLEJO MINI PARK,Trees
HYDE/VALLEJO MINI PARK,Ornamental Beds
HYDE/VALLEJO MINI PARK,Hardscape
HYDE/VALLEJO MINI PARK,Buildings & General Amenities
HYDE/VALLEJO MINI PARK,Table Seating Areas
INA COOLBRITH MINI PARK,Hardscape
INA COOLBRITH MINI PARK,Trees
INA COOLBRITH MINI PARK,Buildings & General Amenities
INA COOLBRITH MINI PARK,Greenspace
INA COOLBRITH MINI PARK,Ornamental Beds
INDIA BASIN SHORELINE PARK,Children's Play Areas
INDIA BASIN SHORELINE PARK,Hardscape
INDIA BASIN SHORELINE PARK,Greenspace
INDIA BASIN SHORELINE PARK,Trees
INDIA BASIN SHORELINE PARK,Outdoor Courts
INDIA BASIN SHORELINE PARK,Buildings & General Amenities
INDIA BASIN SHORELINE PARK,Ornamental Beds
INDIA BASIN SHORELINE PARK,Lawns
INDIA BASIN SHORELINE PARK,Table Seating Areas
J. P. MURPHY PLAYGROUND,Children's Play Areas
J. P. MURPHY PLAYGROUND,Restrooms
J. P. MURPHY PLAYGROUND,Buildings & General Amenities
J. P. MURPHY PLAYGROUND,Trees
J. P. MURPHY PLAYGROUND,Greenspace
J. P. MURPHY PLAYGROUND,Lawns
J. P. MURPHY PLAYGROUND,Ornamental Beds
J. P. MURPHY PLAYGROUND,Outdoor Courts
J. P. MURPHY PLAYGROUND,Hardscape
JACKSON PLAYGROUND,Athletic Fields
JACKSON PLAYGROUND,Ornamental Beds
JACKSON PLAYGROUND,Children's Play Areas
JACKSON PLAYGROUND,Outdoor Courts
JACKSON PLAYGROUND,Restrooms
JACKSON PLAYGROUND,Buildings & General Amenities
JACKSON PLAYGROUND,Hardscape
JACKSON PLAYGROUND,Table Seating Areas
JACKSON PLAYGROUND,Trees
JAMES ROLPH JR PLAYGROUND,Athletic Fields
JAMES ROLPH JR PLAYGROUND,Trees
JAMES ROLPH JR PLAYGROUND,Outdoor Courts
JAMES ROLPH JR PLAYGROUND,Hardscape
JAMES ROLPH JR PLAYGROUND,Restrooms
JAMES ROLPH JR PLAYGROUND,Table Seating Areas
JAMES ROLPH JR PLAYGROUND,Children's Play Areas
JAMES ROLPH JR PLAYGROUND,Ornamental Beds
JAMES ROLPH JR PLAYGROUND,Buildings & General Amenities
JAPANTOWN PEACE PLAZA,Hardscape
JAPANTOWN PEACE PLAZA,Trees
JAPANTOWN PEACE PLAZA,Buildings & General Amenities
JAPANTOWN PEACE PLAZA,Ornamental Beds
JEFFERSON SQUARE,Ornamental Beds
JEFFERSON SQUARE,Buildings & General Amenities
JEFFERSON SQUARE,Trees
JEFFERSON SQUARE,Lawns
JEFFERSON SQUARE,Dog Play Areas
JEFFERSON SQUARE,Hardscape
JOE DIMAGGIO PLAYGROUND,Outdoor Courts
JOE DIMAGGIO PLAYGROUND,Restrooms
JOE DIMAGGIO PLAYGROUND,Hardscape
JOE DIMAGGIO PLAYGROUND,Buildings & General Amenities
JOE DIMAGGIO PLAYGROUND,Children's Play Areas
JOE DIMAGGIO PLAYGROUND,Trees
JOE DIMAGGIO PLAYGROUND,Ornamental Beds
JOHN MCLAREN PARK,Trees
JOHN MCLAREN PARK,Table Seating Areas
JOHN MCLAREN PARK,Restrooms
JOHN MCLAREN PARK,Hardscape
JOHN MCLAREN PARK,Ornamental Beds
JOHN MCLAREN PARK,Greenspace
JOHN MCLAREN PARK,Outdoor Courts
JOHN MCLAREN PARK,Lawns
JOHN MCLAREN PARK,Buildings & General Amenities
JOHN MCLAREN PARK,Dog Play Areas
JOHN MCLAREN PARK,Children's Play Areas
JOOST/BADEN MINI PARK,Ornamental Beds
JOOST/BADEN MINI PARK,Trees
JOOST/BADEN MINI PARK,Buildings & General Amenities
JOOST/BADEN MINI PARK,Hardscape
JOSE CORONADO PLAYGROUND,Buildings & General Amenities
JOSE CORONADO PLAYGROUND,Hardscape
JOSE CORONADO PLAYGROUND,Ornamental Beds
JOSE CORONADO PLAYGROUND,Outdoor Courts
JOSE CORONADO PLAYGROUND,Children's Play Areas
JOSE CORONADO PLAYGROUND,Trees
JOSEPH CONRAD MINI PARK,Buildings & General Amenities
JOSEPH CONRAD MINI PARK,Hardscape
JOSEPH CONRAD MINI PARK,Ornamental Beds
JOSEPH CONRAD MINI PARK,Trees
JOSEPH CONRAD MINI PARK,Lawns
JOSEPH L. ALIOTO PERFORMING ARTS PIAZZA,Trees
JOSEPH L. ALIOTO PERFORMING ARTS PIAZZA,Lawns
JOSEPH L. ALIOTO PERFORMING ARTS PIAZZA,Children's Play Areas
JOSEPH L. ALIOTO PERFORMING ARTS PIAZZA,Buildings & General Amenities
JOSEPH L. ALIOTO PERFORMING ARTS PIAZZA,Ornamental Beds
JOSEPH L. ALIOTO PERFORMING ARTS PIAZZA,Hardscape
JOSEPH LEE RECREATION CENTER,Children's Play Areas
JOSEPH LEE RECREATION CENTER,Buildings & General Amenities
JOSEPH LEE RECREATION CENTER,Hardscape
JOSEPH LEE RECREATION CENTER,Table Seating Areas
JOSEPH LEE RECREATION CENTER,Ornamental Beds
JOSEPH LEE RECREATION CENTER,Lawns
JOSEPH LEE RECREATION CENTER,Trees
JOSEPH LEE RECREATION CENTER,Restrooms
JULIUS KAHN PLAYGROUND,Outdoor Courts
JULIUS KAHN PLAYGROUND,Hardscape
JULIUS KAHN PLAYGROUND,Restrooms
JULIUS KAHN PLAYGROUND,Athletic Fields
JULIUS KAHN PLAYGROUND,Children's Play Areas
JULIUS KAHN PLAYGROUND,Greenspace
JULIUS KAHN PLAYGROUND,Lawns
JULIUS KAHN PLAYGROUND,Buildings & General Amenities
JULIUS KAHN PLAYGROUND,Ornamental Beds
JULIUS KAHN PLAYGROUND,Table Seating Areas
JULIUS KAHN PLAYGROUND,Trees
JUNIPERO SERRA PLAYGROUND,Lawns
JUNIPERO SERRA PLAYGROUND,Restrooms
JUNIPERO SERRA PLAYGROUND,Trees
JUNIPERO SERRA PLAYGROUND,Athletic Fields
JUNIPERO SERRA PLAYGROUND,Buildings & General Amenities
JUNIPERO SERRA PLAYGROUND,Outdoor Courts
JUNIPERO SERRA PLAYGROUND,Table Seating Areas
JUNIPERO SERRA PLAYGROUND,Hardscape
JUNIPERO SERRA PLAYGROUND,Ornamental Beds
JUNIPERO SERRA PLAYGROUND,Children's Play Areas
JURI COMMONS,Children's Play Areas
JURI COMMONS,Trees
JURI COMMONS,Ornamental Beds
JURI COMMONS,Buildings & General Amenities
JURI COMMONS,Lawns
JURI COMMONS,Hardscape
JUSTIN HERMAN/EMBARCADERO PLAZA,Hardscape
JUSTIN HERMAN/EMBARCADERO PLAZA,Trees
JUSTIN HERMAN/EMBARCADERO PLAZA,Lawns
JUSTIN HERMAN/EMBARCADERO PLAZA,Outdoor Courts
JUSTIN HERMAN/EMBARCADERO PLAZA,Buildings & General Amenities
KELLOCH VELASCO MINI PARK,Outdoor Courts
KELLOCH VELASCO MINI PARK,Trees
KELLOCH VELASCO MINI PARK,Buildings & General Amenities
KELLOCH VELASCO MINI PARK,Table Seating Areas
KELLOCH VELASCO MINI PARK,Children's Play Areas
KELLOCH VELASCO MINI PARK,Ornamental Beds
KELLOCH VELASCO MINI PARK,Lawns
KELLOCH VELASCO MINI PARK,Hardscape
KID POWER PARK,Hardscape
KID POWER PARK,Table Seating Areas
KID POWER PARK,Children's Play Areas
KID POWER PARK,Buildings & General Amenities
KID POWER PARK,Trees
KID POWER PARK,Ornamental Beds
KOSHLAND PARK,Children's Play Areas
KOSHLAND PARK,Lawns
KOSHLAND PARK,Hardscape
KOSHLAND PARK,Buildings & General Amenities
KOSHLAND PARK,Trees
KOSHLAND PARK,Outdoor Courts
KOSHLAND PARK,Table Seating Areas
KOSHLAND PARK,Ornamental Beds
LAFAYETTE PARK,Trees
LAFAYETTE PARK,Ornamental Beds
LAFAYETTE PARK,Table Seating Areas
LAFAYETTE PARK,Dog Play Areas
LAFAYETTE PARK,Outdoor Courts
LAFAYETTE PARK,Restrooms
LAFAYETTE PARK,Buildings & General Amenities
LAFAYETTE PARK,Hardscape
LAFAYETTE PARK,Children's Play Areas
LAFAYETTE PARK,Lawns
LAFAYETTE PARK,Greenspace
LAKE MERCED PARK,Dog Play Areas
LAKE MERCED PARK,Greenspace
LAKE MERCED PARK,Hardscape
LAKE MERCED PARK,Ornamental Beds
LAKE MERCED PARK,Restrooms
LAKE MERCED PARK,Buildings & General Amenities
LAKE MERCED PARK,Trees
LAKE MERCED PARK,Table Seating Areas
LAKE MERCED PARK,Lawns
LAUREL HILL PLAYGROUND,Buildings & General Amenities
LAUREL HILL PLAYGROUND,Trees
LAUREL HILL PLAYGROUND,Outdoor Courts
LAUREL HILL PLAYGROUND,Hardscape
LAUREL HILL PLAYGROUND,Athletic Fields
LAUREL HILL PLAYGROUND,Restrooms
LAUREL HILL PLAYGROUND,Ornamental Beds
LAUREL HILL PLAYGROUND,Children's Play Areas
LESSING/SEARS MINI PARK,Children's Play Areas
LESSING/SEARS MINI PARK,Ornamental Beds
LESSING/SEARS MINI PARK,Hardscape
LESSING/SEARS MINI PARK,Trees
LESSING/SEARS MINI PARK,Buildings & General Amenities
LESSING/SEARS MINI PARK,Lawns
LINCOLN PARK,Trees
LINCOLN PARK,Restrooms
LINCOLN PARK,Table Seating Areas
LINCOLN PARK,Ornamental Beds
LINCOLN PARK,Lawns
LINCOLN PARK,Buildings & General Amenities
LINCOLN PARK,Children's Play Areas
LINCOLN PARK,Hardscape
LITTLE HOLLYWOOD PARK,Outdoor Courts
LITTLE HOLLYWOOD PARK,Trees
LITTLE HOLLYWOOD PARK,Buildings & General Amenities
LITTLE HOLLYWOOD PARK,Hardscape
LITTLE HOLLYWOOD PARK,Table Seating Areas
LITTLE HOLLYWOOD PARK,Ornamental Beds
LITTLE HOLLYWOOD PARK,Lawns
LITTLE HOLLYWOOD PARK,Children's Play Areas
LOUIS SUTTER PLAYGROUND,Restrooms
LOUIS SUTTER PLAYGROUND,Buildings & General Amenities
LOUIS SUTTER PLAYGROUND,Athletic Fields
LOUIS SUTTER PLAYGROUND,Ornamental Beds
LOUIS SUTTER PLAYGROUND,Outdoor Courts
LOUIS SUTTER PLAYGROUND,Hardscape
LOUIS SUTTER PLAYGROUND,Children's Play Areas
LOUIS SUTTER PLAYGROUND,Table Seating Areas
LOUIS SUTTER PLAYGROUND,Greenspace
LOUIS SUTTER PLAYGROUND,Trees
LOUIS SUTTER PLAYGROUND,Lawns
LOWER GREAT HIGHWAY,Hardscape
LOWER GREAT HIGHWAY,Buildings & General Amenities
LOWER GREAT HIGHWAY,Trees
LOWER GREAT HIGHWAY,Lawns
LOWER GREAT HIGHWAY,Greenspace
LOWER GREAT HIGHWAY,Ornamental Beds
LOWER GREAT HIGHWAY,Restrooms
MARGARET S HAYWARD PLAYGROUND,Trees
MARGARET S HAYWARD PLAYGROUND,Athletic Fields
MARGARET S HAYWARD PLAYGROUND,Restrooms
MARGARET S HAYWARD PLAYGROUND,Buildings & General Amenities
MARGARET S HAYWARD PLAYGROUND,Hardscape
MARGARET S HAYWARD PLAYGROUND,Outdoor Courts
MARGARET S HAYWARD PLAYGROUND,Lawns
MARGARET S HAYWARD PLAYGROUND,Ornamental Beds
MARGARET S HAYWARD PLAYGROUND,Children's Play Areas
MARITIME PLAZA,Lawns
MARITIME PLAZA,Trees
MARITIME PLAZA,Ornamental Beds
MARITIME PLAZA,Buildings & General Amenities
MARITIME PLAZA,Hardscape
MCCOPPIN SQUARE,Athletic Fields
MCCOPPIN SQUARE,Children's Play Areas
MCCOPPIN SQUARE,Buildings & General Amenities
MCCOPPIN SQUARE,Hardscape
MCCOPPIN SQUARE,Lawns
MCCOPPIN SQUARE,Outdoor Courts
MCCOPPIN SQUARE,Trees
MCCOPPIN SQUARE,Restrooms
MCCOPPIN SQUARE,Ornamental Beds
MCCOPPIN SQUARE,Table Seating Areas
MCKINLEY SQUARE,Hardscape
MCKINLEY SQUARE,Ornamental Beds
MCKINLEY SQUARE,Trees
MCKINLEY SQUARE,Lawns
MCKINLEY SQUARE,Greenspace
MCKINLEY SQUARE,Buildings & General Amenities
MCKINLEY SQUARE,Children's Play Areas
MCKINLEY SQUARE,Dog Play Areas
MCKINLEY SQUARE,Table Seating Areas
MERCED HEIGHTS PLAYGROUND,Trees
MERCED HEIGHTS PLAYGROUND,Outdoor Courts
MERCED HEIGHTS PLAYGROUND,Restrooms
MERCED HEIGHTS PLAYGROUND,Buildings & General Amenities
MERCED HEIGHTS PLAYGROUND,Hardscape
MERCED HEIGHTS PLAYGROUND,Children's Play Areas
MERCED HEIGHTS PLAYGROUND,Ornamental Beds
MERCED HEIGHTS PLAYGROUND,Lawns
MICHELANGELO PLAYGROUND,Buildings & General Amenities
MICHELANGELO PLAYGROUND,Children's Play Areas
MICHELANGELO PLAYGROUND,Trees
MICHELANGELO PLAYGROUND,Hardscape
MICHELANGELO PLAYGROUND,Outdoor Courts
MICHELANGELO PLAYGROUND,Ornamental Beds
MICHELANGELO PLAYGROUND,Lawns
MICHELANGELO PLAYGROUND,Table Seating Areas
MICHELANGELO PLAYGROUND,Restrooms
MIDTOWN TERRACE PLAYGROUND,Outdoor Courts
MIDTOWN TERRACE PLAYGROUND,Restrooms
MIDTOWN TERRACE PLAYGROUND,Children's Play Areas
MIDTOWN TERRACE PLAYGROUND,Trees
MIDTOWN TERRACE PLAYGROUND,Hardscape
MIDTOWN TERRACE PLAYGROUND,Buildings & General Amenities
MIDTOWN TERRACE PLAYGROUND,Ornamental Beds
MIDTOWN TERRACE PLAYGROUND,Greenspace
MIDTOWN TERRACE PLAYGROUND,Lawns
MIDTOWN TERRACE PLAYGROUND,Table Seating Areas
MINNIE & LOVIE WARD REC CENTER,Buildings & General Amenities
MINNIE & LOVIE WARD REC CENTER,Athletic Fields
MINNIE & LOVIE WARD REC CENTER,Children's Play Areas
MINNIE & LOVIE WARD REC CENTER,Ornamental Beds
MINNIE & LOVIE WARD REC CENTER,Table Seating Areas
MINNIE & LOVIE WARD REC CENTER,Outdoor Courts
MINNIE & LOVIE WARD REC CENTER,Greenspace
MINNIE & LOVIE WARD REC CENTER,Hardscape
MINNIE & LOVIE WARD REC CENTER,Restrooms
MINNIE & LOVIE WARD REC CENTER,Lawns
MINNIE & LOVIE WARD REC CENTER,Trees
MIRALOMA PLAYGROUND,Buildings & General Amenities
MIRALOMA PLAYGROUND,Hardscape
MIRALOMA PLAYGROUND,Restrooms
MIRALOMA PLAYGROUND,Outdoor Courts
MIRALOMA PLAYGROUND,Trees
MIRALOMA PLAYGROUND,Ornamental Beds
MIRALOMA PLAYGROUND,Lawns
MIRALOMA PLAYGROUND,Athletic Fields
MIRALOMA PLAYGROUND,Children's Play Areas
MISSION DOLORES PARK,Children's Play Areas
MISSION DOLORES PARK,Hardscape
MISSION DOLORES PARK,Lawns
MISSION DOLORES PARK,Buildings & General Amenities
MISSION DOLORES PARK,Greenspace
MISSION DOLORES PARK,Ornamental Beds
MISSION DOLORES PARK,Dog Play Areas
MISSION DOLORES PARK,Table Seating Areas
MISSION DOLORES PARK,Restrooms
MISSION DOLORES PARK,Trees
MISSION PLAYGROUND,Outdoor Courts
MISSION PLAYGROUND,Table Seating Areas
MISSION PLAYGROUND,Children's Play Areas
MISSION PLAYGROUND,Ornamental Beds
MISSION PLAYGROUND,Hardscape
MISSION PLAYGROUND,Lawns
MISSION PLAYGROUND,Buildings & General Amenities
MISSION PLAYGROUND,Restrooms
MISSION PLAYGROUND,Athletic Fields
MISSION PLAYGROUND,Trees
MISSION REC CENTER,Trees
MISSION REC CENTER,Restrooms
MISSION REC CENTER,Buildings & General Amenities
MISSION REC CENTER,Athletic Fields
MISSION REC CENTER,Table Seating Areas
MISSION REC CENTER,Hardscape
MISSION REC CENTER,Children's Play Areas
MOSCONE RECREATION CENTER,Children's Play Areas
MOSCONE RECREATION CENTER,Outdoor Courts
MOSCONE RECREATION CENTER,Lawns
MOSCONE RECREATION CENTER,Buildings & General Amenities
MOSCONE RECREATION CENTER,Trees
MOSCONE RECREATION CENTER,Athletic Fields
MOSCONE RECREATION CENTER,Ornamental Beds
MOSCONE RECREATION CENTER,Restrooms
MOSCONE RECREATION CENTER,Hardscape
MOSCONE RECREATION CENTER,Table Seating Areas
MOUNTAIN LAKE PARK,Outdoor Courts
MOUNTAIN LAKE PARK,Greenspace
MOUNTAIN LAKE PARK,Restrooms
MOUNTAIN LAKE PARK,Hardscape
MOUNTAIN LAKE PARK,Lawns
MOUNTAIN LAKE PARK,Table Seating Areas
MOUNTAIN LAKE PARK,Buildings & General Amenities
MOUNTAIN LAKE PARK,Trees
MOUNTAIN LAKE PARK,Ornamental Beds
MOUNTAIN LAKE PARK,Dog Play Areas
MOUNTAIN LAKE PARK,Children's Play Areas
MT OLYMPUS,Ornamental Beds
MT OLYMPUS,Hardscape
MT OLYMPUS,Buildings & General Amenities
MT OLYMPUS,Trees
MULLEN/PERALTA MINI PARK,Table Seating Areas
MULLEN/PERALTA MINI PARK,Greenspace
MULLEN/PERALTA MINI PARK,Hardscape
MULLEN/PERALTA MINI PARK,Buildings & General Amenities
MURIEL LEFF MINI PARK,Hardscape
MURIEL LEFF MINI PARK,Buildings & General Amenities
MURIEL LEFF MINI PARK,Table Seating Areas
MURIEL LEFF MINI PARK,Lawns
MURIEL LEFF MINI PARK,Trees
MURIEL LEFF MINI PARK,Greenspace
NOE VALLEY COURTS,Buildings & General Amenities
NOE VALLEY COURTS,Restrooms
NOE VALLEY COURTS,Table Seating Areas
NOE VALLEY COURTS,Lawns
NOE VALLEY COURTS,Outdoor Courts
NOE VALLEY COURTS,Ornamental Beds
NOE VALLEY COURTS,Hardscape
NOE VALLEY COURTS,Children's Play Areas
NOE VALLEY COURTS,Trees
PAGE/LAGUNA MINI PARK,Buildings & General Amenities
PAGE/LAGUNA MINI PARK,Trees
PAGE/LAGUNA MINI PARK,Hardscape
PAGE/LAGUNA MINI PARK,Lawns
PAGE/LAGUNA MINI PARK,Ornamental Beds
PALACE OF FINE ARTS,Buildings & General Amenities
PALACE OF FINE ARTS,Ornamental Beds
PALACE OF FINE ARTS,Greenspace
PALACE OF FINE ARTS,Trees
PALACE OF FINE ARTS,Hardscape
PALACE OF FINE ARTS,Lawns
PALEGA RECREATION CENTER,Athletic Fields
PALEGA RECREATION CENTER,Children's Play Areas
PALEGA RECREATION CENTER,Outdoor Courts
PALEGA RECREATION CENTER,Trees
PALEGA RECREATION CENTER,Hardscape
PALEGA RECREATION CENTER,Restrooms
PALEGA RECREATION CENTER,Buildings & General Amenities
PALEGA RECREATION CENTER,Lawns
PALEGA RECREATION CENTER,Ornamental Beds
PALEGA RECREATION CENTER,Table Seating Areas
PALOU/PHELPS PARK,Children's Play Areas
PALOU/PHELPS PARK,Greenspace
PALOU/PHELPS PARK,Buildings & General Amenities
PALOU/PHELPS PARK,Trees
PALOU/PHELPS PARK,Lawns
PALOU/PHELPS PARK,Hardscape
PALOU/PHELPS PARK,Outdoor Courts
PALOU/PHELPS PARK,Ornamental Beds
PARK PRESIDIO BLVD,Trees
PARK PRESIDIO BLVD,Hardscape
PARK PRESIDIO BLVD,Lawns
PARK PRESIDIO BLVD,Greenspace
PARKSIDE SQUARE,Restrooms
PARKSIDE SQUARE,Outdoor Courts
PARKSIDE SQUARE,Table Seating Areas
PARKSIDE SQUARE,Greenspace
PARKSIDE SQUARE,Athletic Fields
PARKSIDE SQUARE,Buildings & General Amenities
PARKSIDE SQUARE,Lawns
PARKSIDE SQUARE,Hardscape
PARKSIDE SQUARE,Children's Play Areas
PARKSIDE SQUARE,Trees
PARQUE NINOS UNIDOS,Table Seating Areas
PARQUE NINOS UNIDOS,Trees
PARQUE NINOS UNIDOS,Restrooms
PARQUE NINOS UNIDOS,Buildings & General Amenities
PARQUE NINOS UNIDOS,Hardscape
PARQUE NINOS UNIDOS,Children's Play Areas
PARQUE NINOS UNIDOS,Lawns
PARQUE NINOS UNIDOS,Ornamental Beds
PATRICIAS GREEN IN HAYES VALLEY,Hardscape
PATRICIAS GREEN IN HAYES VALLEY,Table Seating Areas
PATRICIAS GREEN IN HAYES VALLEY,Buildings & General Amenities
PATRICIAS GREEN IN HAYES VALLEY,Children's Play Areas
PATRICIAS GREEN IN HAYES VALLEY,Lawns
PATRICIAS GREEN IN HAYES VALLEY,Trees
PATRICIAS GREEN IN HAYES VALLEY,Ornamental Beds
PEIXOTTO PLAYGROUND,Children's Play Areas
PEIXOTTO PLAYGROUND,Lawns
PEIXOTTO PLAYGROUND,Buildings & General Amenities
PEIXOTTO PLAYGROUND,Trees
PEIXOTTO PLAYGROUND,Greenspace
PEIXOTTO PLAYGROUND,Outdoor Courts
PEIXOTTO PLAYGROUND,Ornamental Beds
PEIXOTTO PLAYGROUND,Hardscape
PINE LAKE PARK,Hardscape
PINE LAKE PARK,Table Seating Areas
PINE LAKE PARK,Trees
PINE LAKE PARK,Greenspace
PINE LAKE PARK,Dog Play Areas
PINE LAKE PARK,Buildings & General Amenities
PINE LAKE PARK,Lawns
PORTSMOUTH SQUARE,Trees
PORTSMOUTH SQUARE,Children's Play Areas
PORTSMOUTH SQUARE,Hardscape
PORTSMOUTH SQUARE,Lawns
PORTSMOUTH SQUARE,Restrooms
PORTSMOUTH SQUARE,Ornamental Beds
PORTSMOUTH SQUARE,Buildings & General Amenities
PORTSMOUTH SQUARE,Table Seating Areas
POTRERO DEL SOL PARK,Table Seating Areas
POTRERO DEL SOL PARK,Lawns
POTRERO DEL SOL PARK,Outdoor Courts
POTRERO DEL SOL PARK,Hardscape
POTRERO DEL SOL PARK,Ornamental Beds
POTRERO DEL SOL PARK,Athletic Fields
POTRERO DEL SOL PARK,Buildings & General Amenities
POTRERO DEL SOL PARK,Children's Play Areas
POTRERO DEL SOL PARK,Greenspace
POTRERO DEL SOL PARK,Restrooms
POTRERO DEL SOL PARK,Trees
POTRERO HILL RECREATION CENTER,Restrooms
POTRERO HILL RECREATION CENTER,Outdoor Courts
POTRERO HILL RECREATION CENTER,Children's Play Areas
POTRERO HILL RECREATION CENTER,Trees
POTRERO HILL RECREATION CENTER,Hardscape
POTRERO HILL RECREATION CENTER,Lawns
POTRERO HILL RECREATION CENTER,Dog Play Areas
POTRERO HILL RECREATION CENTER,Ornamental Beds
POTRERO HILL RECREATION CENTER,Athletic Fields
POTRERO HILL RECREATION CENTER,Buildings & General Amenities
POTRERO HILL RECREATION CENTER,Table Seating Areas
POTRERO HILL RECREATION CENTER,Greenspace
PRECITA PARK,Table Seating Areas
PRECITA PARK,Lawns
PRECITA PARK,Hardscape
PRECITA PARK,Children's Play Areas
PRECITA PARK,Trees
PRECITA PARK,Buildings & General Amenities
PRECITA PARK,Ornamental Beds
PRENTISS MINI PARK,Trees
PRENTISS MINI PARK,Buildings & General Amenities
PRENTISS MINI PARK,Table Seating Areas
PRENTISS MINI PARK,Children's Play Areas
PRENTISS MINI PARK,Ornamental Beds
PRENTISS MINI PARK,Hardscape
PRESIDIO HEIGHTS PLAYGROUND,Buildings & General Amenities
PRESIDIO HEIGHTS PLAYGROUND,Restrooms
PRESIDIO HEIGHTS PLAYGROUND,Ornamental Beds
PRESIDIO HEIGHTS PLAYGROUND,Children's Play Areas
PRESIDIO HEIGHTS PLAYGROUND,Trees
PRESIDIO HEIGHTS PLAYGROUND,Outdoor Courts
PRESIDIO HEIGHTS PLAYGROUND,Hardscape
PRESIDIO HEIGHTS PLAYGROUND,Table Seating Areas
RANDOLPH/BRIGHT MINI PARK,Trees
RANDOLPH/BRIGHT MINI PARK,Children's Play Areas
RANDOLPH/BRIGHT MINI PARK,Hardscape
RANDOLPH/BRIGHT MINI PARK,Buildings & General Amenities
RANDOLPH/BRIGHT MINI PARK,Lawns
RANDOLPH/BRIGHT MINI PARK,Ornamental Beds
RAYMOND KIMBELL PLAYGROUND,Hardscape
RAYMOND KIMBELL PLAYGROUND,Lawns
RAYMOND KIMBELL PLAYGROUND,Trees
RAYMOND KIMBELL PLAYGROUND,Athletic Fields
RAYMOND KIMBELL PLAYGROUND,Buildings & General Amenities
RAYMOND KIMBELL PLAYGROUND,Ornamental Beds
RICHMOND PLAYGROUND,Table Seating Areas
RICHMOND PLAYGROUND,Ornamental Beds
RICHMOND PLAYGROUND,Outdoor Courts
RICHMOND PLAYGROUND,Hardscape
RICHMOND PLAYGROUND,Buildings & General Amenities
RICHMOND PLAYGROUND,Children's Play Areas
RICHMOND PLAYGROUND,Restrooms
RICHMOND PLAYGROUND,Trees
RICHMOND RECREATION CENTER,Buildings & General Amenities
RICHMOND RECREATION CENTER,Lawns
RICHMOND RECREATION CENTER,Restrooms
RICHMOND RECREATION CENTER,Trees
RICHMOND RECREATION CENTER,Hardscape
RICHMOND RECREATION CENTER,Table Seating Areas
RICHMOND RECREATION CENTER,Ornamental Beds
ROCHAMBEAU PLAYGROUND,Buildings & General Amenities
ROCHAMBEAU PLAYGROUND,Outdoor Courts
ROCHAMBEAU PLAYGROUND,Hardscape
ROCHAMBEAU PLAYGROUND,Restrooms
ROCHAMBEAU PLAYGROUND,Ornamental Beds
ROCHAMBEAU PLAYGROUND,Table Seating Areas
ROCHAMBEAU PLAYGROUND,Children's Play Areas
ROCHAMBEAU PLAYGROUND,Trees
ROLPH NICOL PLAYGROUND,Trees
ROLPH NICOL PLAYGROUND,Hardscape
ROLPH NICOL PLAYGROUND,Buildings & General Amenities
ROLPH NICOL PLAYGROUND,Ornamental Beds
ROLPH NICOL PLAYGROUND,Lawns
ROLPH NICOL PLAYGROUND,Children's Play Areas
ROOSEVELT/HENRY STEPS,Ornamental Beds
ROOSEVELT/HENRY STEPS,Greenspace
ROOSEVELT/HENRY STEPS,Trees
ROOSEVELT/HENRY STEPS,Buildings & General Amenities
ROOSEVELT/HENRY STEPS,Hardscape
SATURN STREET STEPS,Ornamental Beds
SATURN STREET STEPS,Buildings & General Amenities
SATURN STREET STEPS,Hardscape
SATURN STREET STEPS,Trees
SELBY/PALOU MINI PARK,Ornamental Beds
SELBY/PALOU MINI PARK,Outdoor Courts
SELBY/PALOU MINI PARK,Buildings & General Amenities
SELBY/PALOU MINI PARK,Hardscape
SELBY/PALOU MINI PARK,Trees
SELBY/PALOU MINI PARK,Lawns
SELBY/PALOU MINI PARK,Children's Play Areas
SELBY/PALOU MINI PARK,Table Seating Areas
SEWARD MINI PARK,Buildings & General Amenities
SEWARD MINI PARK,Trees
SEWARD MINI PARK,Children's Play Areas
SEWARD MINI PARK,Hardscape
SEWARD MINI PARK,Ornamental Beds
SGT. JOHN MACAULAY PARK,Trees
SGT. JOHN MACAULAY PARK,Ornamental Beds
SGT. JOHN MACAULAY PARK,Hardscape
SGT. JOHN MACAULAY PARK,Children's Play Areas
SGT. JOHN MACAULAY PARK,Buildings & General Amenities
SIGMUND STERN RECREATION GROVE,Restrooms
SIGMUND STERN RECREATION GROVE,Outdoor Courts
SIGMUND STERN RECREATION GROVE,Greenspace
SIGMUND STERN RECREATION GROVE,Buildings & General Amenities
SIGMUND STERN RECREATION GROVE,Ornamental Beds
SIGMUND STERN RECREATION GROVE,Dog Play Areas
SIGMUND STERN RECREATION GROVE,Table Seating Areas
SIGMUND STERN RECREATION GROVE,Trees
SIGMUND STERN RECREATION GROVE,Hardscape
SIGMUND STERN RECREATION GROVE,Athletic Fields
SIGMUND STERN RECREATION GROVE,Children's Play Areas
SIGMUND STERN RECREATION GROVE,Lawns
SILVER TERRACE PLAYGROUND,Hardscape
SILVER TERRACE PLAYGROUND,Athletic Fields
SILVER TERRACE PLAYGROUND,Restrooms
SILVER TERRACE PLAYGROUND,Children's Play Areas
SILVER TERRACE PLAYGROUND,Ornamental Beds
SILVER TERRACE PLAYGROUND,Lawns
SILVER TERRACE PLAYGROUND,Trees
SILVER TERRACE PLAYGROUND,Outdoor Courts
SILVER TERRACE PLAYGROUND,Buildings & General Amenities
SOUTH PARK,Trees
SOUTH PARK,Lawns
SOUTH PARK,Hardscape
SOUTH PARK,Children's Play Areas
SOUTH PARK,Table Seating Areas
SOUTH PARK,Buildings & General Amenities
SOUTH PARK,Ornamental Beds
SOUTH SUNSET PLAYGROUND,Outdoor Courts
SOUTH SUNSET PLAYGROUND,Athletic Fields
SOUTH SUNSET PLAYGROUND,Trees
SOUTH SUNSET PLAYGROUND,Children's Play Areas
SOUTH SUNSET PLAYGROUND,Buildings & General Amenities
SOUTH SUNSET PLAYGROUND,Restrooms
SOUTH SUNSET PLAYGROUND,Hardscape
SOUTH SUNSET PLAYGROUND,Ornamental Beds
SOUTH SUNSET PLAYGROUND,Table Seating Areas
ST MARY'S REC CENTER,Table Seating Areas
ST MARY'S REC CENTER,Children's Play Areas
ST MARY'S REC CENTER,Lawns
ST MARY'S REC CENTER,Greenspace
ST MARY'S REC CENTER,Outdoor Courts
ST MARY'S REC CENTER,Dog Play Areas
ST MARY'S REC CENTER,Trees
ST MARY'S REC CENTER,Athletic Fields
ST MARY'S REC CENTER,Hardscape
ST MARY'S REC CENTER,Buildings & General Amenities
ST MARY'S REC CENTER,Restrooms
ST MARY'S REC CENTER,Ornamental Beds
ST MARY'S SQUARE,Children's Play Areas
ST MARY'S SQUARE,Ornamental Beds
ST MARY'S SQUARE,Lawns
ST MARY'S SQUARE,Table Seating Areas
ST MARY'S SQUARE,Trees
ST MARY'S SQUARE,Buildings & General Amenities
ST MARY'S SQUARE,Hardscape
STATES STREET PLAYGROUND,Greenspace
STATES STREET PLAYGROUND,Buildings & General Amenities
STATES STREET PLAYGROUND,Restrooms
STATES STREET PLAYGROUND,Hardscape
STATES STREET PLAYGROUND,Children's Play Areas
STATES STREET PLAYGROUND,Outdoor Courts
STATES STREET PLAYGROUND,Trees
STATES STREET PLAYGROUND,Ornamental Beds
STATES STREET PLAYGROUND,Lawns
SUE BIERMAN PARK,Ornamental Beds
SUE BIERMAN PARK,Children's Play Areas
SUE BIERMAN PARK,Hardscape
SUE BIERMAN PARK,Buildings & General Amenities
SUE BIERMAN PARK,Trees
SUE BIERMAN PARK,Lawns
SUNNYSIDE CONSERVATORY,Ornamental Beds
SUNNYSIDE CONSERVATORY,Trees
SUNNYSIDE CONSERVATORY,Buildings & General Amenities
SUNNYSIDE CONSERVATORY,Hardscape
SUNNYSIDE PLAYGROUND,Outdoor Courts
SUNNYSIDE PLAYGROUND,Greenspace
SUNNYSIDE PLAYGROUND,Buildings & General Amenities
SUNNYSIDE PLAYGROUND,Restrooms
SUNNYSIDE PLAYGROUND,Hardscape
SUNNYSIDE PLAYGROUND,Lawns
SUNNYSIDE PLAYGROUND,Table Seating Areas
SUNNYSIDE PLAYGROUND,Trees
SUNNYSIDE PLAYGROUND,Children's Play Areas
SUNNYSIDE PLAYGROUND,Ornamental Beds
SUNSET PLAYGROUND,Restrooms
SUNSET PLAYGROUND,Table Seating Areas
SUNSET PLAYGROUND,Lawns
SUNSET PLAYGROUND,Trees
SUNSET PLAYGROUND,Athletic Fields
SUNSET PLAYGROUND,Outdoor Courts
SUNSET PLAYGROUND,Children's Play Areas
SUNSET PLAYGROUND,Ornamental Beds
SUNSET PLAYGROUND,Buildings & General Amenities
SUNSET PLAYGROUND,Hardscape
TELEGRAPH HILL/PIONEER PARK,Buildings & General Amenities
TELEGRAPH HILL/PIONEER PARK,Greenspace
TELEGRAPH HILL/PIONEER PARK,Ornamental Beds
TELEGRAPH HILL/PIONEER PARK,Hardscape
TELEGRAPH HILL/PIONEER PARK,Lawns
TELEGRAPH HILL/PIONEER PARK,Trees
TENDERLOIN CHILDREN'S REC CENTER,Restrooms
TENDERLOIN CHILDREN'S REC CENTER,Children's Play Areas
TENDERLOIN CHILDREN'S REC CENTER,Buildings & General Amenities
TENDERLOIN CHILDREN'S REC CENTER,Outdoor Courts
TENDERLOIN CHILDREN'S REC CENTER,Ornamental Beds
TENDERLOIN CHILDREN'S REC CENTER,Hardscape
TENDERLOIN CHILDREN'S REC CENTER,Trees
TURK/HYDE MINI PARK,Hardscape
TURK/HYDE MINI PARK,Ornamental Beds
TURK/HYDE MINI PARK,Buildings & General Amenities
TURK/HYDE MINI PARK,Children's Play Areas
TURK/HYDE MINI PARK,Trees
UNION SQUARE,Buildings & General Amenities
UNION SQUARE,Trees
UNION SQUARE,Lawns
UNION SQUARE,Hardscape
UNION SQUARE,Ornamental Beds
UPPER NOE RECREATION CENTER,Hardscape
UPPER NOE RECREATION CENTER,Athletic Fields
UPPER NOE RECREATION CENTER,Table Seating Areas
UPPER NOE RECREATION CENTER,Trees
UPPER NOE RECREATION CENTER,Outdoor Courts
UPPER NOE RECREATION CENTER,Children's Play Areas
UPPER NOE RECREATION CENTER,Restrooms
UPPER NOE RECREATION CENTER,Buildings & General Amenities
UPPER NOE RECREATION CENTER,Dog Play Areas
UPPER NOE RECREATION CENTER,Ornamental Beds
UTAH/18TH MINI PARK,Trees
UTAH/18TH MINI PARK,Ornamental Beds
UTAH/18TH MINI PARK,Buildings & General Amenities
UTAH/18TH MINI PARK,Hardscape
VICTORIA MANALO DRAVES PARK,Trees
VICTORIA MANALO DRAVES PARK,Children's Play Areas
VICTORIA MANALO DRAVES PARK,Outdoor Courts
VICTORIA MANALO DRAVES PARK,Buildings & General Amenities
VICTORIA MANALO DRAVES PARK,Restrooms
VICTORIA MANALO DRAVES PARK,Lawns
VICTORIA MANALO DRAVES PARK,Table Seating Areas
VICTORIA MANALO DRAVES PARK,Athletic Fields
VICTORIA MANALO DRAVES PARK,Hardscape
VICTORIA MANALO DRAVES PARK,Ornamental Beds
VISITACION VALLEY GREENWAY,Trees
VISITACION VALLEY GREENWAY,Children's Play Areas
VISITACION VALLEY GREENWAY,Lawns
VISITACION VALLEY GREENWAY,Ornamental Beds
VISITACION VALLEY GREENWAY,Table Seating Areas
VISITACION VALLEY GREENWAY,Buildings & General Amenities
VISITACION VALLEY GREENWAY,Hardscape
VISITACION VALLEY PLAYGROUND,Athletic Fields
VISITACION VALLEY PLAYGROUND,Buildings & General Amenities
VISITACION VALLEY PLAYGROUND,Hardscape
VISITACION VALLEY PLAYGROUND,Children's Play Areas
VISITACION VALLEY PLAYGROUND,Ornamental Beds
VISITACION VALLEY PLAYGROUND,Restrooms
VISITACION VALLEY PLAYGROUND,Lawns
VISITACION VALLEY PLAYGROUND,Trees
VISITACION VALLEY PLAYGROUND,Table Seating Areas
WALTER HAAS PLAYGROUND,Hardscape
WALTER HAAS PLAYGROUND,Dog Play Areas
WALTER HAAS PLAYGROUND,Children's Play Areas
WALTER HAAS PLAYGROUND,Trees
WALTER HAAS PLAYGROUND,Greenspace
WALTER HAAS PLAYGROUND,Outdoor Courts
WALTER HAAS PLAYGROUND,Buildings & General Amenities
WALTER HAAS PLAYGROUND,Lawns
WALTER HAAS PLAYGROUND,Ornamental Beds
WASHINGTON SQUARE,Lawns
WASHINGTON SQUARE,Hardscape
WASHINGTON SQUARE,Restrooms
WASHINGTON SQUARE,Ornamental Beds
WASHINGTON SQUARE,Buildings & General Amenities
WASHINGTON SQUARE,Children's Play Areas
WASHINGTON SQUARE,Trees
WASHINGTON/HYDE MINI PARK,Children's Play Areas
WASHINGTON/HYDE MINI PARK,Hardscape
WASHINGTON/HYDE MINI PARK,Buildings & General Amenities
WASHINGTON/HYDE MINI PARK,Trees
WASHINGTON/HYDE MINI PARK,Ornamental Beds
WEST PORTAL PLAYGROUND,Lawns
WEST PORTAL PLAYGROUND,Restrooms
WEST PORTAL PLAYGROUND,Trees
WEST PORTAL PLAYGROUND,Outdoor Courts
WEST PORTAL PLAYGROUND,Buildings & General Amenities
WEST PORTAL PLAYGROUND,Ornamental Beds
WEST PORTAL PLAYGROUND,Children's Play Areas
WEST PORTAL PLAYGROUND,Table Seating Areas
WEST PORTAL PLAYGROUND,Hardscape
WEST SUNSET PLAYGROUND,Table Seating Areas
WEST SUNSET PLAYGROUND,Restrooms
WEST SUNSET PLAYGROUND,Children's Play Areas
WEST SUNSET PLAYGROUND,Athletic Fields
WEST SUNSET PLAYGROUND,Greenspace
WEST SUNSET PLAYGROUND,Buildings & General Amenities
WEST SUNSET PLAYGROUND,Hardscape
WEST SUNSET PLAYGROUND,Outdoor Courts
WEST SUNSET PLAYGROUND,Trees
WEST SUNSET PLAYGROUND,Ornamental Beds
WEST SUNSET PLAYGROUND,Lawns
WILLIE WOO WOO WONG PLAYGROUND,Outdoor Courts
WILLIE WOO WOO WONG PLAYGROUND,Table Seating Areas
WILLIE WOO WOO WONG PLAYGROUND,Restrooms
WILLIE WOO WOO WONG PLAYGROUND,Children's Play Areas
WILLIE WOO WOO WONG PLAYGROUND,Buildings & General Amenities
WILLIE WOO WOO WONG PLAYGROUND,Trees
WILLIE WOO WOO WONG PLAYGROUND,Ornamental Beds
WILLIE WOO WOO WONG PLAYGROUND,Hardscape
WOH HEI YUEN PARK,Trees
WOH HEI YUEN PARK,Hardscape
WOH HEI YUEN PARK,Ornamental Beds
WOH HEI YUEN PARK,Children's Play Areas
WOH HEI YUEN PARK,Buildings & General Amenities
WOH HEI YUEN PARK,Table Seating Areas
WOH HEI YUEN PARK,Lawns
YACHT HARBOR AND MARINA GREEN,Trees
YACHT HARBOR AND MARINA GREEN,Table Seating Areas
YACHT HARBOR AND MARINA GREEN,Ornamental Beds
YACHT HARBOR AND MARINA GREEN,Restrooms
YACHT HARBOR AND MARINA GREEN,Buildings & General Amenities
YACHT HARBOR AND MARINA GREEN,Lawns
YACHT HARBOR AND MARINA GREEN,Hardscape
YOUNGBLOOD COLEMAN PLAYGROUND,Ornamental Beds
YOUNGBLOOD COLEMAN PLAYGROUND,Trees
YOUNGBLOOD COLEMAN PLAYGROUND,Table Seating Areas
YOUNGBLOOD COLEMAN PLAYGROUND,Buildings & General Amenities
YOUNGBLOOD COLEMAN PLAYGROUND,Outdoor Courts
YOUNGBLOOD COLEMAN PLAYGROUND,Restrooms
YOUNGBLOOD COLEMAN PLAYGROUND,Lawns
YOUNGBLOOD COLEMAN PLAYGROUND,Children's Play Areas
YOUNGBLOOD COLEMAN PLAYGROUND,Greenspace
YOUNGBLOOD COLEMAN PLAYGROUND,Athletic Fields
YOUNGBLOOD COLEMAN PLAYGROUND,Hardscape
